-- phpMyAdmin SQL Dump
-- version 4.5.0.2
-- http://www.phpmyadmin.net
--
-- Host: 127.0.0.1
-- Generation Time: Nov 25, 2016 at 07:20 AM
-- Server version: 5.7.9
-- PHP Version: 7.0.8

SET SQL_MODE = "NO_AUTO_VALUE_ON_ZERO";
SET time_zone = "+00:00";


/*!40101 SET @OLD_CHARACTER_SET_CLIENT=@@CHARACTER_SET_CLIENT */;
/*!40101 SET @OLD_CHARACTER_SET_RESULTS=@@CHARACTER_SET_RESULTS */;
/*!40101 SET @OLD_COLLATION_CONNECTION=@@COLLATION_CONNECTION */;
/*!40101 SET NAMES utf8mb4 */;

--
-- Database: `ci312`
--

-- --------------------------------------------------------

--
-- Table structure for table `articles`
--

CREATE TABLE `articles` (
  `id` int(11) UNSIGNED NOT NULL,
  `title` varchar(255) NOT NULL
) ENGINE=InnoDB DEFAULT CHARSET=utf8;

--
-- Dumping data for table `articles`
--

INSERT INTO `articles` (`id`, `title`) VALUES
(1, 'First article title'),
(2, 'Another article title'),
(3, 'One more article title'),
(4, 'This article has a title too'),
(5, 'How about this article title'),
(6, 'First article title'),
(7, 'Two article title'),
(8, 'Three article title'),
(9, 'Four article has a title too'),
(10, 'Five this article title'),
(11, 'Six this article title'),
(12, '7 How about this article title'),
(13, '8 How about this article title'),
(14, '9 How about this article title'),
(15, '10 How about this article title');

-- --------------------------------------------------------

--
-- Table structure for table `articles_users`
--

CREATE TABLE `articles_users` (
  `article_id` int(11) UNSIGNED NOT NULL,
  `user_id` int(11) UNSIGNED NOT NULL
) ENGINE=InnoDB DEFAULT CHARSET=utf8;

--
-- Dumping data for table `articles_users`
--

INSERT INTO `articles_users` (`article_id`, `user_id`) VALUES
(1, 1),
(2, 1),
(3, 1),
(4, 3),
(5, 1),
(6, 3),
(7, 2),
(8, 2),
(9, 4),
(10, 4),
(11, 5),
(12, 5),
(13, 2),
(14, 2),
(15, 1),
(1, 2),
(2, 3),
(1, 3),
(2, 5);

-- --------------------------------------------------------

--
-- Table structure for table `migrations`
--

CREATE TABLE `migrations` (
  `version` bigint(20) NOT NULL
) ENGINE=InnoDB DEFAULT CHARSET=utf8;

--
-- Dumping data for table `migrations`
--

INSERT INTO `migrations` (`version`) VALUES
(20150507043128);

-- --------------------------------------------------------

--
-- Table structure for table `posts`
--

CREATE TABLE `posts` (
  `id` int(11) UNSIGNED NOT NULL,
  `user_id` int(11) UNSIGNED NOT NULL,
  `title` varchar(255) NOT NULL,
  `content` text NOT NULL
) ENGINE=InnoDB DEFAULT CHARSET=utf8;

--
-- Dumping data for table `posts`
--

INSERT INTO `posts` (`id`, `user_id`, `title`, `content`) VALUES
(1, 1, 'First title', 'This is content for first title'),
(2, 3, 'Another title', 'This is content for another title'),
(3, 3, 'One more title', 'This is content for one more title'),
(4, 5, 'This one has a title too', 'This is content for this title too'),
(5, 5, 'How about this title', 'This is content for how about this title'),
(6, 1, '1 First title', 'This is content for first title'),
(7, 3, '2 Another title', 'This is content for another title'),
(8, 3, '3 One more title', 'This is content for one more title'),
(9, 5, '4 This one has a title too', 'This is content for this title too'),
(10, 5, '5 How about this title', 'This is content for how about this title'),
(11, 2, '6 How about this title', 'This is content for how about this title'),
(12, 4, '7 How about this title', 'This is content for how about this title'),
(13, 4, '8 How about this title', 'This is content for how about this title'),
(14, 1, '9 How about this title', 'This is content for how about this title'),
(15, 1, '10 How about this title', 'This is content for how about this title'),
(16, 5, '11 How about this title', 'This is content for how about this title');

-- --------------------------------------------------------

--
-- Table structure for table `users`
--

CREATE TABLE `users` (
  `id` int(11) UNSIGNED NOT NULL,
  `username` varchar(100) NOT NULL,
  `email` varchar(255) NOT NULL,
  `password` varchar(100) NOT NULL,
  `created_at` datetime DEFAULT NULL,
  `created_by` int(10) UNSIGNED DEFAULT NULL,
  `updated_at` datetime DEFAULT NULL,
  `updated_by` int(10) UNSIGNED DEFAULT NULL,
  `deleted_at` datetime DEFAULT NULL,
  `deleted_by` int(10) UNSIGNED DEFAULT NULL
) ENGINE=InnoDB DEFAULT CHARSET=utf8;

--
-- Dumping data for table `users`
--

INSERT INTO `users` (`id`, `username`, `email`, `password`, `created_at`, `created_by`, `updated_at`, `updated_by`, `deleted_at`, `deleted_by`) VALUES
(1, 'user1', 'user1@user.com', 'mypass', NULL, NULL, NULL, NULL, NULL, NULL),
(2, 'user2', 'user2@user.com', 'nopass', NULL, NULL, NULL, NULL, NULL, NULL),
(3, 'avenirer', 'user3@user.com', 'nopass', NULL, NULL, NULL, NULL, NULL, NULL),
(4, 'administrator', 'user4@user.com', 'mypass', NULL, NULL, NULL, NULL, NULL, NULL),
(5, 'user5', 'user5@user.com', 'nopass', NULL, NULL, NULL, NULL, NULL, NULL);

-- --------------------------------------------------------

--
-- Table structure for table `user_details`
--

CREATE TABLE `user_details` (
  `user_id` int(11) UNSIGNED NOT NULL,
  `first_name` varchar(100) NOT NULL,
  `last_name` varchar(100) NOT NULL,
  `address` varchar(100) NOT NULL,
  `created_at` datetime DEFAULT NULL,
  `created_by` int(10) UNSIGNED DEFAULT NULL,
  `updated_at` datetime DEFAULT NULL,
  `updated_by` int(10) UNSIGNED DEFAULT NULL,
  `deleted_at` datetime DEFAULT NULL,
  `deleted_by` int(10) UNSIGNED DEFAULT NULL
) ENGINE=InnoDB DEFAULT CHARSET=utf8;

--
-- Dumping data for table `user_details`
--

INSERT INTO `user_details` (`user_id`, `first_name`, `last_name`, `address`, `created_at`, `created_by`, `updated_at`, `updated_by`, `deleted_at`, `deleted_by`) VALUES
(1, 'John', 'Doe', 'no stable address', NULL, NULL, NULL, NULL, NULL, NULL),
(2, 'Jane', 'Doe', 'same as John Doe''s', NULL, NULL, NULL, NULL, NULL, NULL),
(3, 'Adrian', 'Voicu', 'Bucharest, Romania', NULL, NULL, NULL, NULL, NULL, NULL),
(4, 'Admin', 'Istrator', 'over us', NULL, NULL, NULL, NULL, NULL, NULL),
(5, 'Whoever', 'You want', 'Wherever', NULL, NULL, NULL, NULL, NULL, NULL);

--
-- Indexes for dumped tables
--

--
-- Indexes for table `articles`
--
ALTER TABLE `articles`
  ADD PRIMARY KEY (`id`);

--
-- Indexes for table `posts`
--
ALTER TABLE `posts`
  ADD PRIMARY KEY (`id`),
  ADD KEY `user_id` (`user_id`);

--
-- Indexes for table `users`
--
ALTER TABLE `users`
  ADD PRIMARY KEY (`id`);

--
-- Indexes for table `user_details`
--
ALTER TABLE `user_details`
  ADD PRIMARY KEY (`user_id`);

--
-- AUTO_INCREMENT for dumped tables
--

--
-- AUTO_INCREMENT for table `articles`
--
ALTER TABLE `articles`
  MODIFY `id` int(11) UNSIGNED NOT NULL AUTO_INCREMENT, AUTO_INCREMENT=16;
--
-- AUTO_INCREMENT for table `posts`
--
ALTER TABLE `posts`
  MODIFY `id` int(11) UNSIGNED NOT NULL AUTO_INCREMENT, AUTO_INCREMENT=17;
--
-- AUTO_INCREMENT for table `users`
--
ALTER TABLE `users`
  MODIFY `id` int(11) UNSIGNED NOT NULL AUTO_INCREMENT, AUTO_INCREMENT=6;
/*!40101 SET CHARACTER_SET_CLIENT=@OLD_CHARACTER_SET_CLIENT */;
/*!40101 SET CHARACTER_SET_RESULTS=@OLD_CHARACTER_SET_RESULTS */;
/*!40101 SET COLLATION_CONNECTION=@OLD_COLLATION_CONNECTION */;
